,k,trainAvg,testAvg
0,1.0,0.0398125,0.16225
1,100.0,0.45387500000000003,0.456
2,50.0,0.415625,0.426
3,1000.0,0.4940625,0.49174999999999996
