,k,trainAvg,testAvg
0,100.0,0.429625,0.4575
1,1000.0,0.47624999999999995,0.4985
2,1.0,0.019875,0.163
3,50.0,0.412375,0.448
